id	species
5113	Alligator mississippiensis
5115	Chelydra serpentina
5097	Alligator mississippiensis
5083	Chelydra serpentina
5143	Chelydra serpentina
5103	Chelydra serpentina
5119	Chelydra serpentina
5025	Chelydra serpentina
5093	Terrapene carolina
5057	Anolis carolinensis
5043	Anolis carolinensis
5045	Terrapene carolina
5063	Terrapene carolina
5111	Terrapene carolina
5109	Alligator mississippiensis
5149	Chelydra serpentina
5087	Chelydra serpentina
5035	Terrapene carolina
5051	Chelydra serpentina
5007	Chelydra serpentina
5053	Chelydra serpentina
5081	Alligator mississippiensis
24027	Chrysemys picta
22047	Alligator mississippiensis
22055	Anolis carolinensis
22049	Anolis carolinensis
22021	Anolis carolinensis
22069	Anolis carolinensis
22073	Anolis carolinensis
22113	Anolis carolinensis
22119	Anolis carolinensis
22027	Anolis carolinensis
22085	Anolis carolinensis
22079	Anolis carolinensis
22029	Alligator mississippiensis
22031	Anolis carolinensis
22081	Anolis carolinensis
22063	Alligator mississippiensis
22125	Thamnophis sirtalis
35013	Crotalus atrox
35006	Crotalus atrox
35045	Crotalus atrox
35007	Chelydra serpentina
40087	Chelydra serpentina
40073	Chelydra serpentina
40043	Chelydra serpentina
40057	Crotalus atrox
40095	Terrapene carolina
40107	Chelydra serpentina
40113	Terrapene carolina
40009	Crotalus atrox
40019	Crotalus atrox
40127	Alligator mississippiensis
40011	Chelydra serpentina
40135	Alligator mississippiensis
40137	Crotalus atrox
40149	Chelydra serpentina
40083	Chelydra serpentina
40119	Chelydra serpentina
40069	Chelydra serpentina
40037	Chelydra serpentina
40129	Chelydra serpentina
5037	Terrapene carolina
5019	Chelydra serpentina
5031	Terrapene carolina
5065	Terrapene carolina
22093	Alligator mississippiensis
22107	Alligator mississippiensis
22099	Alligator mississippiensis
22067	Anolis carolinensis
35001	Crotalus atrox
35049	Crotalus atrox
35055	Crotalus atrox
40153	Chelydra serpentina
40005	Alligator mississippiensis
40053	Chelydra serpentina
40007	Chelydra serpentina
40045	Chelydra serpentina
40013	Chelydra serpentina
48269	Crotalus atrox
48357	Chelydra serpentina
5091	Anolis carolinensis
35029	Crotalus atrox
40109	Chelydra serpentina
1049	Thamnophis sirtalis
1013	Anolis carolinensis
17043	Chelydra serpentina
53033	Sceloporus occidentalis
19015	Thamnophis sirtalis
19139	Chelydra serpentina
20111	Chelydra serpentina
20207	Chelydra serpentina
20049	Chelydra serpentina
20113	Chelydra serpentina
20115	Chelydra serpentina
27145	Chelydra serpentina
48461	Crotalus atrox
48469	Alligator mississippiensis
48355	Crotalus atrox
48231	Chelydra serpentina
48341	Chelydra serpentina
48401	Anolis carolinensis
48159	Anolis carolinensis
48365	Anolis carolinensis
48063	Anolis carolinensis
48035	Crotalus atrox
48247	Crotalus atrox
48075	Crotalus atrox
48345	Crotalus atrox
48433	Crotalus atrox
48193	Crotalus atrox
48479	Crotalus atrox
48135	Crotalus atrox
48137	Crotalus atrox
48153	Crotalus atrox
48131	Crotalus atrox
48089	Alligator mississippiensis
48077	Crotalus atrox
48151	Crotalus atrox
48259	Anolis carolinensis
48279	Crotalus atrox
48419	Anolis carolinensis
48387	Anolis carolinensis
48487	Crotalus atrox
48477	Anolis carolinensis
48453	Anolis carolinensis
48465	Crotalus atrox
48093	Crotalus atrox
48203	Anolis carolinensis
48215	Crotalus atrox
48317	Crotalus atrox
48165	Crotalus atrox
48179	Crotalus atrox
48189	Crotalus atrox
48005	Anolis carolinensis
48141	Crotalus atrox
48467	Anolis carolinensis
48301	Crotalus atrox
48037	Anolis carolinensis
48309	Crotalus atrox
48503	Crotalus atrox
48325	Crotalus atrox
48205	Chelydra serpentina
48211	Chelydra serpentina
48157	Anolis carolinensis
48055	Anolis carolinensis
48167	Anolis carolinensis
48053	Crotalus atrox
48235	Crotalus atrox
48123	Crotalus atrox
48027	Crotalus atrox
48505	Crotalus atrox
48079	Crotalus atrox
48091	Anolis carolinensis
48071	Anolis carolinensis
48073	Anolis carolinensis
48111	Chelydra serpentina
48489	Crotalus atrox
48485	Crotalus atrox
48507	Crotalus atrox
48443	Crotalus atrox
48349	Chelydra serpentina
48471	Anolis carolinensis
48475	Crotalus atrox
48363	Crotalus atrox
48397	Chelydra serpentina
48403	Anolis carolinensis
48239	Alligator mississippiensis
48271	Crotalus atrox
48353	Crotalus atrox
48367	Crotalus atrox
48003	Crotalus atrox
48023	Crotalus atrox
48001	Anolis carolinensis
48007	Alligator mississippiensis
48117	Crotalus atrox
48031	Crotalus atrox
48009	Crotalus atrox
48081	Crotalus atrox
48047	Crotalus atrox
48011	Crotalus atrox
48057	Alligator mississippiensis
48105	Crotalus atrox
48067	Anolis carolinensis
48069	Crotalus atrox
48107	Crotalus atrox
48371	Crotalus atrox
48435	Crotalus atrox
48249	Crotalus atrox
48013	Crotalus atrox
48085	Chelydra serpentina
48343	Anolis carolinensis
48101	Crotalus atrox
48347	Anolis carolinensis
48429	Crotalus atrox
48293	Anolis carolinensis
48437	Crotalus atrox
48501	Crotalus atrox
48029	Anolis carolinensis
48201	Anolis carolinensis
48483	Crotalus atrox
48097	Crotalus atrox
48315	Anolis carolinensis
48321	Alligator mississippiensis
48481	Alligator mississippiensis
48065	Crotalus atrox
35025	Crotalus atrox
35027	Crotalus atrox
35037	Crotalus atrox
35057	Crotalus atrox
35019	Crotalus atrox
35041	Crotalus atrox
35059	Chelydra serpentina
35039	Crotalus atrox
35003	Crotalus atrox
35031	Crotalus atrox
35009	Crotalus atrox
35035	Crotalus atrox
35028	Crotalus atrox
35033	Crotalus atrox
35047	Crotalus atrox
40075	Chelydra serpentina
40117	Chelydra serpentina
40111	Terrapene carolina
40131	Terrapene carolina
40147	Terrapene carolina
40145	Terrapene carolina
40151	Chelydra serpentina
40071	Chelydra serpentina
40085	Crotalus atrox
40055	Crotalus atrox
40067	Crotalus atrox
40077	Alligator mississippiensis
40079	Alligator mississippiensis
40065	Crotalus atrox
40047	Terrapene carolina
40031	Crotalus atrox
40061	Alligator mississippiensis
40033	Crotalus atrox
40027	Chelydra serpentina
40017	Chelydra serpentina
40139	Chelydra serpentina
40051	Chelydra serpentina
40141	Crotalus atrox
40125	Chelydra serpentina
40023	Alligator mississippiensis
40103	Terrapene carolina
40089	Alligator mississippiensis
40015	Chelydra serpentina
40025	Chelydra serpentina
5137	Terrapene carolina
5145	Terrapene carolina
5009	Terrapene carolina
5029	Chelydra serpentina
5071	Chelydra serpentina
5017	Anolis carolinensis
5033	Chelydra serpentina
5105	Chelydra serpentina
5129	Chelydra serpentina
5139	Anolis carolinensis
5061	Alligator mississippiensis
5047	Chelydra serpentina
5089	Terrapene carolina
5085	Terrapene carolina
5123	Terrapene carolina
5011	Anolis carolinensis
5131	Chelydra serpentina
5023	Terrapene carolina
5133	Alligator mississippiensis
5073	Anolis carolinensis
5003	Anolis carolinensis
5101	Chelydra serpentina
5127	Alligator mississippiensis
5027	Anolis carolinensis
5077	Terrapene carolina
5005	Terrapene carolina
22035	Alligator mississippiensis
22037	Alligator mississippiensis
22043	Anolis carolinensis
22003	Anolis carolinensis
22009	Anolis carolinensis
22011	Anolis carolinensis
22019	Alligator mississippiensis
22071	Alligator mississippiensis
22039	Anolis carolinensis
22087	Alligator mississippiensis
22051	Alligator mississippiensis
22117	Alligator mississippiensis
22075	Alligator mississippiensis
22101	Alligator mississippiensis
22109	Alligator mississippiensis
22001	Anolis carolinensis
22045	Alligator mississippiensis
22053	Anolis carolinensis
22015	Anolis carolinensis
22111	Anolis carolinensis
22057	Alligator mississippiensis
22041	Alligator mississippiensis
22007	Alligator mississippiensis
22083	Anolis carolinensis
22077	Alligator mississippiensis
22061	Anolis carolinensis
22059	Anolis carolinensis
40059	Chelydra serpentina
22123	Anolis carolinensis
22115	Anolis carolinensis
22105	Alligator mississippiensis
40143	Terrapene carolina
35011	Crotalus atrox
35017	Crotalus atrox
22005	Alligator mississippiensis
48021	Anolis carolinensis
48015	Anolis carolinensis
48197	Crotalus atrox
48129	Crotalus atrox
48473	Anolis carolinensis
48195	Chelydra serpentina
48381	Crotalus atrox
48379	Anolis carolinensis
48407	Anolis carolinensis
48427	Crotalus atrox
48207	Crotalus atrox
48209	Anolis carolinensis
48383	Crotalus atrox
48115	Crotalus atrox
48169	Crotalus atrox
48313	Anolis carolinensis
48187	Anolis carolinensis
48495	Crotalus atrox
48395	Anolis carolinensis
48415	Crotalus atrox
48451	Crotalus atrox
48409	Crotalus atrox
48217	Anolis carolinensis
48329	Crotalus atrox
48337	Crotalus atrox
48449	Anolis carolinensis
48361	Anolis carolinensis
48121	Chelydra serpentina
48119	Anolis carolinensis
48185	Anolis carolinensis
48221	Crotalus atrox
48233	Chelydra serpentina
48041	Anolis carolinensis
48243	Crotalus atrox
48199	Anolis carolinensis
48245	Anolis carolinensis
48377	Crotalus atrox
48099	Crotalus atrox
48223	Anolis carolinensis
48227	Crotalus atrox
48307	Crotalus atrox
48125	Crotalus atrox
48265	Crotalus atrox
48295	Chelydra serpentina
48283	Crotalus atrox
48285	Anolis carolinensis
48287	Anolis carolinensis
48177	Anolis carolinensis
48219	Crotalus atrox
48251	Crotalus atrox
48267	Crotalus atrox
48255	Crotalus atrox
48319	Crotalus atrox
48059	Crotalus atrox
48191	Crotalus atrox
48263	Crotalus atrox
48175	Crotalus atrox
48421	Chelydra serpentina
48303	Crotalus atrox
48273	Crotalus atrox
48181	Chelydra serpentina
48095	Crotalus atrox
48339	Anolis carolinensis
48133	Crotalus atrox
48305	Crotalus atrox
48143	Crotalus atrox
48389	Crotalus atrox
48441	Crotalus atrox
48423	Anolis carolinensis
48145	Anolis carolinensis
48147	Chelydra serpentina
48149	Anolis carolinensis
48155	Crotalus atrox
48161	Anolis carolinensis
48333	Crotalus atrox
48043	Crotalus atrox
48045	Crotalus atrox
48369	Crotalus atrox
48393	Chelydra serpentina
48399	Crotalus atrox
48275	Crotalus atrox
48289	Anolis carolinensis
48385	Crotalus atrox
48171	Crotalus atrox
48459	Anolis carolinensis
48213	Anolis carolinensis
48225	Anolis carolinensis
48237	Crotalus atrox
48261	Crotalus atrox
48359	Chelydra serpentina
48291	Anolis carolinensis
48299	Crotalus atrox
48499	Anolis carolinensis
48277	Chelydra serpentina
48257	Chelydra serpentina
48109	Crotalus atrox
48241	Anolis carolinensis
48033	Crotalus atrox
48103	Crotalus atrox
48049	Crotalus atrox
48019	Crotalus atrox
48051	Anolis carolinensis
48087	Crotalus atrox
48083	Crotalus atrox
48163	Crotalus atrox
48173	Crotalus atrox
48183	Anolis carolinensis
48391	Alligator mississippiensis
48297	Crotalus atrox
48445	Crotalus atrox
48413	Crotalus atrox
48417	Crotalus atrox
48425	Crotalus atrox
48455	Anolis carolinensis
48493	Anolis carolinensis
48017	Crotalus atrox
48323	Crotalus atrox
48405	Anolis carolinensis
48351	Anolis carolinensis
48229	Crotalus atrox
48113	Chelydra serpentina
48139	Chelydra serpentina
48127	Crotalus atrox
48311	Crotalus atrox
48253	Crotalus atrox
48281	Crotalus atrox
48327	Crotalus atrox
48375	Crotalus atrox
48447	Crotalus atrox
48497	Crotalus atrox
48463	Crotalus atrox
48439	Chelydra serpentina
48373	Anolis carolinensis
48431	Crotalus atrox
48039	Alligator mississippiensis
48331	Anolis carolinensis
48411	Crotalus atrox
48025	Crotalus atrox
39151	Thamnophis sirtalis
11001	Chrysemys picta
27063	Chelydra serpentina
31025	Chelydra serpentina
27039	Chelydra serpentina
37093	Anolis carolinensis
48491	Crotalus atrox
6097	Sceloporus occidentalis
56011	Chelydra serpentina
56021	Chelydra serpentina
56045	Chelydra serpentina
27157	Chelydra serpentina
23029	Chelydra serpentina
23007	Chrysemys picta
48335	Crotalus atrox
1019	Thamnophis sirtalis
1129	Anolis carolinensis
1003	Anolis carolinensis
1059	Terrapene carolina
1089	Chrysemys picta
1063	Anolis carolinensis
1045	Alligator mississippiensis
1081	Anolis carolinensis
18127	Chelydra serpentina
18097	Chelydra serpentina
1125	Anolis carolinensis
1101	Anolis carolinensis
1017	Anolis carolinensis
1031	Anolis carolinensis
1123	Anolis carolinensis
1061	Anolis carolinensis
1075	Anolis carolinensis
1131	Anolis carolinensis
1065	Anolis carolinensis
1091	Anolis carolinensis
18121	Terrapene carolina
18179	Chelydra serpentina
12013	Anolis carolinensis
18133	Terrapene carolina
18175	Terrapene carolina
18083	Terrapene carolina
18135	Chelydra serpentina
18151	Chelydra serpentina
18183	Chrysemys picta
18181	Chelydra serpentina
18051	Chelydra serpentina
12049	Alligator mississippiensis
12093	Alligator mississippiensis
12101	Alligator mississippiensis
12069	Alligator mississippiensis
12043	Alligator mississippiensis
12017	Alligator mississippiensis
12063	Alligator mississippiensis
27071	Chrysemys picta
12081	Alligator mississippiensis
12105	Alligator mississippiensis
12003	Anolis carolinensis
12115	Alligator mississippiensis
12059	Anolis carolinensis
16055	Chrysemys picta
16013	Thamnophis sirtalis
16025	Sceloporus occidentalis
16029	Thamnophis sirtalis
16053	Sceloporus occidentalis
13223	Anolis carolinensis
16045	Sceloporus occidentalis
16019	Thamnophis sirtalis
16071	Thamnophis sirtalis
13075	Alligator mississippiensis
13253	Alligator mississippiensis
13015	Anolis carolinensis
13233	Anolis carolinensis
13227	Terrapene carolina
13207	Anolis carolinensis
13005	Alligator mississippiensis
13059	Terrapene carolina
13167	Anolis carolinensis
13263	Anolis carolinensis
13107	Anolis carolinensis
13153	Alligator mississippiensis
13175	Alligator mississippiensis
13255	Anolis carolinensis
13277	Chelydra serpentina
13299	Alligator mississippiensis
13317	Terrapene carolina
13105	Terrapene carolina
13037	Terrapene carolina
13099	Alligator mississippiensis
13165	Anolis carolinensis
13119	Terrapene carolina
13147	Terrapene carolina
13201	Alligator mississippiensis
19005	Chelydra serpentina
19045	Chelydra serpentina
19101	Chelydra serpentina
19085	Chelydra serpentina
19093	Chelydra serpentina
19133	Chelydra serpentina
13063	Anolis carolinensis
13069	Alligator mississippiensis
13077	Anolis carolinensis
13081	Terrapene carolina
13091	Alligator mississippiensis
13097	Anolis carolinensis
19061	Chrysemys picta
19071	Chelydra serpentina
19105	Chelydra serpentina
20087	Chelydra serpentina
20205	Chelydra serpentina
20085	Chelydra serpentina
19167	Thamnophis sirtalis
19111	Chrysemys picta
19077	Chelydra serpentina
19063	Chelydra serpentina
19047	Chelydra serpentina
19159	Thamnophis sirtalis
19053	Thamnophis sirtalis
20019	Chelydra serpentina
20013	Chelydra serpentina
20177	Chelydra serpentina
20191	Chelydra serpentina
20035	Chelydra serpentina
20131	Chelydra serpentina
20149	Chelydra serpentina
20091	Chelydra serpentina
20151	Thamnophis sirtalis
20185	Thamnophis sirtalis
20201	Thamnophis sirtalis
20047	Thamnophis sirtalis
21189	Chelydra serpentina
21153	Chelydra serpentina
21201	Chelydra serpentina
21155	Chelydra serpentina
21191	Terrapene carolina
21193	Chelydra serpentina
21203	Thamnophis sirtalis
21217	Chelydra serpentina
21023	Terrapene carolina
21031	Chelydra serpentina
21053	Terrapene carolina
21019	Terrapene carolina
21239	Terrapene carolina
21015	Chelydra serpentina
21013	Chelydra serpentina
21077	Terrapene carolina
21221	Terrapene carolina
21025	Chelydra serpentina
22097	Anolis carolinensis
22065	Alligator mississippiensis
22013	Anolis carolinensis
22033	Alligator mississippiensis
29131	Terrapene carolina
29213	Terrapene carolina
29113	Chelydra serpentina
29077	Terrapene carolina
29101	Thamnophis sirtalis
29209	Terrapene carolina
29215	Chelydra serpentina
29029	Terrapene carolina
29199	Chrysemys picta
29099	Terrapene carolina
29065	Chelydra serpentina
29183	Chelydra serpentina
29109	Terrapene carolina
29095	Chelydra serpentina
27109	Chelydra serpentina
26067	Chrysemys picta
26011	Chelydra serpentina
26121	Chrysemys picta
26005	Chrysemys picta
26081	Chrysemys picta
26123	Chrysemys picta
26133	Chrysemys picta
26017	Chrysemys picta
26019	Chrysemys picta
26115	Thamnophis sirtalis
26009	Chrysemys picta
26143	Chrysemys picta
26141	Chrysemys picta
26103	Chelydra serpentina
26153	Chrysemys picta
26145	Chrysemys picta
27019	Chrysemys picta
26035	Chelydra serpentina
37007	Anolis carolinensis
37111	Thamnophis sirtalis
37077	Chelydra serpentina
37101	Anolis carolinensis
37129	Alligator mississippiensis
37127	Anolis carolinensis
37063	Terrapene carolina
37019	Alligator mississippiensis
26161	Thamnophis sirtalis
26159	Chrysemys picta
37199	Thamnophis sirtalis
37161	Terrapene carolina
37061	Anolis carolinensis
37087	Terrapene carolina
37039	Terrapene carolina
37015	Anolis carolinensis
37023	Thamnophis sirtalis
37073	Alligator mississippiensis
37095	Anolis carolinensis
37025	Anolis carolinensis
37005	Thamnophis sirtalis
37169	Terrapene carolina
37171	Terrapene carolina
37047	Alligator mississippiensis
37097	Anolis carolinensis
37195	Anolis carolinensis
37021	Terrapene carolina
39049	Chelydra serpentina
39123	Chrysemys picta
39161	Chelydra serpentina
39115	Thamnophis sirtalis
39089	Thamnophis sirtalis
39019	Chelydra serpentina
39099	Thamnophis sirtalis
39149	Chelydra serpentina
39111	Thamnophis sirtalis
39157	Terrapene carolina
39007	Chelydra serpentina
39167	Thamnophis sirtalis
39065	Thamnophis sirtalis
39071	Chelydra serpentina
39125	Thamnophis sirtalis
6111	Sceloporus occidentalis
55139	Chelydra serpentina
55025	Chelydra serpentina
55073	Chelydra serpentina
39145	Terrapene carolina
39031	Thamnophis sirtalis
39061	Terrapene carolina
55005	Chrysemys picta
55087	Chelydra serpentina
55011	Chelydra serpentina
55091	Chelydra serpentina
54003	Terrapene carolina
54107	Terrapene carolina
54101	Thamnophis sirtalis
54109	Terrapene carolina
54055	Terrapene carolina
54073	Thamnophis sirtalis
54043	Terrapene carolina
54071	Thamnophis sirtalis
54049	Chelydra serpentina
54001	Thamnophis sirtalis
54091	Thamnophis sirtalis
54067	Terrapene carolina
54005	Chelydra serpentina
8075	Chelydra serpentina
54089	Terrapene carolina
54015	Terrapene carolina
54021	Terrapene carolina
54047	Terrapene carolina
54105	Terrapene carolina
54041	Terrapene carolina
54031	Thamnophis sirtalis
8013	Chelydra serpentina
8063	Chelydra serpentina
8119	Chelydra serpentina
8125	Chelydra serpentina
8123	Chelydra serpentina
8069	Chelydra serpentina
17023	Terrapene carolina
17095	Thamnophis sirtalis
17069	Chelydra serpentina
17011	Chrysemys picta
17163	Chelydra serpentina
17195	Chrysemys picta
17141	Chrysemys picta
17035	Terrapene carolina
17203	Thamnophis sirtalis
24043	Terrapene carolina
24033	Chrysemys picta
26135	Chrysemys picta
19175	Thamnophis sirtalis
19177	Chrysemys picta
20097	Chelydra serpentina
20003	Chelydra serpentina
20145	Thamnophis sirtalis
20169	Thamnophis sirtalis
21007	Chelydra serpentina
21027	Chelydra serpentina
21075	Thamnophis sirtalis
20107	Chelydra serpentina
21059	Chelydra serpentina
21081	Terrapene carolina
21087	Chelydra serpentina
21091	Terrapene carolina
21083	Terrapene carolina
21105	Terrapene carolina
21097	Terrapene carolina
21109	Chelydra serpentina
21115	Chelydra serpentina
21123	Chelydra serpentina
21125	Chelydra serpentina
21129	Chelydra serpentina
21127	Terrapene carolina
21117	Terrapene carolina
21137	Chrysemys picta
26117	Chrysemys picta
36057	Chelydra serpentina
36039	Chelydra serpentina
36113	Chrysemys picta
36123	Chelydra serpentina
37165	Anolis carolinensis
39027	Terrapene carolina
39051	Chelydra serpentina
39091	Chelydra serpentina
39131	Terrapene carolina
39087	Terrapene carolina
42013	Thamnophis sirtalis
42047	Thamnophis sirtalis
42041	Chrysemys picta
42059	Chelydra serpentina
26013	Chelydra serpentina
26055	Chrysemys picta
26113	Chrysemys picta
29159	Thamnophis sirtalis
29229	Chelydra serpentina
36031	Chrysemys picta
36083	Chelydra serpentina
36059	Chelydra serpentina
17039	Chelydra serpentina
17155	Chrysemys picta
17179	Thamnophis sirtalis
17181	Chelydra serpentina
18065	Chelydra serpentina
18081	Chelydra serpentina
18087	Chrysemys picta
18091	Chrysemys picta
19143	Thamnophis sirtalis
8105	Crotalus atrox
8115	Chelydra serpentina
12019	Anolis carolinensis
12029	Anolis carolinensis
12039	Anolis carolinensis
12035	Anolis carolinensis
12031	Anolis carolinensis
12047	Anolis carolinensis
12067	Anolis carolinensis
12073	Anolis carolinensis
31035	Chelydra serpentina
6027	Sceloporus occidentalis
31071	Chelydra serpentina
32001	Sceloporus occidentalis
34001	Chelydra serpentina
34019	Chrysemys picta
34025	Chrysemys picta
53005	Sceloporus occidentalis
53019	Chrysemys picta
54009	Thamnophis sirtalis
54051	Thamnophis sirtalis
54023	Thamnophis sirtalis
54035	Terrapene carolina
54057	Terrapene carolina
54087	Terrapene carolina
54095	Thamnophis sirtalis
54103	Thamnophis sirtalis
55023	Chelydra serpentina
8039	Chelydra serpentina
8117	Thamnophis sirtalis
8031	Chelydra serpentina
31077	Chelydra serpentina
31095	Chelydra serpentina
31131	Chelydra serpentina
32019	Sceloporus occidentalis
34011	Terrapene carolina
37163	Anolis carolinensis
37189	Thamnophis sirtalis
39053	Terrapene carolina
39055	Chelydra serpentina
39073	Chelydra serpentina
39093	Thamnophis sirtalis
31055	Chelydra serpentina
29085	Terrapene carolina
29083	Terrapene carolina
29147	Chelydra serpentina
29186	Terrapene carolina
29145	Terrapene carolina
18137	Terrapene carolina
18143	Terrapene carolina
31053	Chelydra serpentina
31115	Chelydra serpentina
31121	Chelydra serpentina
31175	Chelydra serpentina
34009	Terrapene carolina
37045	Chrysemys picta
32021	Sceloporus occidentalis
37191	Anolis carolinensis
38075	Chrysemys picta
1029	Chelydra serpentina
8073	Chelydra serpentina
8059	Chelydra serpentina
39127	Chelydra serpentina
39147	Thamnophis sirtalis
39163	Terrapene carolina
5125	Chelydra serpentina
5141	Terrapene carolina
45075	Alligator mississippiensis
47121	Terrapene carolina
47139	Terrapene carolina
42129	Thamnophis sirtalis
47105	Terrapene carolina
47189	Terrapene carolina
5059	Chelydra serpentina
17059	Chelydra serpentina
13305	Alligator mississippiensis
19057	Chelydra serpentina
19103	Chelydra serpentina
18177	Chelydra serpentina
18035	Chelydra serpentina
40049	Chelydra serpentina
39097	Chelydra serpentina
40081	Chelydra serpentina
41049	Sceloporus occidentalis
41015	Sceloporus occidentalis
41055	Sceloporus occidentalis
46031	Thamnophis sirtalis
42085	Thamnophis sirtalis
47019	Thamnophis sirtalis
47079	Terrapene carolina
47083	Terrapene carolina
47145	Terrapene carolina
35005	Crotalus atrox
35021	Chelydra serpentina
35051	Crotalus atrox
37115	Terrapene carolina
37175	Terrapene carolina
38103	Chrysemys picta
17093	Chelydra serpentina
17171	Chelydra serpentina
17177	Chrysemys picta
1103	Anolis carolinensis
6099	Sceloporus occidentalis
1115	Anolis carolinensis
1073	Anolis carolinensis
6055	Sceloporus occidentalis
17091	Chelydra serpentina
41033	Sceloporus occidentalis
42019	Thamnophis sirtalis
42125	Thamnophis sirtalis
47069	Terrapene carolina
28149	Terrapene carolina
31107	Chelydra serpentina
17147	Chelydra serpentina
40121	Alligator mississippiensis
18089	Chelydra serpentina
42007	Thamnophis sirtalis
37089	Terrapene carolina
47071	Terrapene carolina
35023	Crotalus atrox
22025	Anolis carolinensis
35043	Crotalus atrox
17073	Chelydra serpentina
18063	Chelydra serpentina
18057	Chelydra serpentina
12117	Alligator mississippiensis
34041	Thamnophis sirtalis
37013	Anolis carolinensis
42109	Chelydra serpentina
36067	Chelydra serpentina
47035	Terrapene carolina
55127	Chelydra serpentina
53061	Sceloporus occidentalis
53053	Sceloporus occidentalis
18107	Chelydra serpentina
6105	Sceloporus occidentalis
6087	Sceloporus occidentalis
32029	Sceloporus occidentalis
28049	Anolis carolinensis
17097	Chelydra serpentina
47129	Terrapene carolina
6045	Sceloporus occidentalis
46023	Chelydra serpentina
46025	Chrysemys picta
46033	Chelydra serpentina
46055	Chelydra serpentina
46039	Chrysemys picta
28041	Anolis carolinensis
39095	Chelydra serpentina
46067	Chrysemys picta
46093	Chelydra serpentina
46071	Chelydra serpentina
46127	Thamnophis sirtalis
41031	Sceloporus occidentalis
19193	Chelydra serpentina
46027	Thamnophis sirtalis
41057	Thamnophis sirtalis
16001	Sceloporus occidentalis
46051	Chelydra serpentina
46111	Chrysemys picta
46103	Chelydra serpentina
46113	Chelydra serpentina
37091	Alligator mississippiensis
46125	Thamnophis sirtalis
37141	Alligator mississippiensis
41007	Thamnophis sirtalis
53015	Thamnophis sirtalis
41019	Sceloporus occidentalis
6071	Sceloporus occidentalis
28093	Terrapene carolina
41043	Thamnophis sirtalis
41005	Sceloporus occidentalis
41035	Sceloporus occidentalis
41047	Sceloporus occidentalis
46105	Chelydra serpentina
41067	Thamnophis sirtalis
51141	Terrapene carolina
53069	Thamnophis sirtalis
1097	Anolis carolinensis
20069	Chelydra serpentina
20081	Chelydra serpentina
20083	Thamnophis sirtalis
13241	Terrapene carolina
41065	Sceloporus occidentalis
20015	Chelydra serpentina
41071	Thamnophis sirtalis
12119	Alligator mississippiensis
13115	Thamnophis sirtalis
37069	Chelydra serpentina
13057	Terrapene carolina
26107	Chelydra serpentina
37075	Terrapene carolina
37173	Terrapene carolina
26127	Chelydra serpentina
37143	Alligator mississippiensis
37137	Anolis carolinensis
37177	Anolis carolinensis
37071	Anolis carolinensis
29133	Thamnophis sirtalis
29179	Terrapene carolina
13197	Anolis carolinensis
13033	Anolis carolinensis
20189	Chelydra serpentina
13085	Terrapene carolina
13195	Terrapene carolina
13031	Anolis carolinensis
13123	Terrapene carolina
13103	Anolis carolinensis
37139	Alligator mississippiensis
51021	Terrapene carolina
51071	Terrapene carolina
51173	Terrapene carolina
12113	Anolis carolinensis
51121	Terrapene carolina
51045	Terrapene carolina
51031	Chelydra serpentina
51099	Chelydra serpentina
54025	Thamnophis sirtalis
54075	Thamnophis sirtalis
54099	Terrapene carolina
54079	Chelydra serpentina
55063	Chelydra serpentina
55077	Thamnophis sirtalis
55081	Chelydra serpentina
1099	Anolis carolinensis
1025	Anolis carolinensis
1033	Terrapene carolina
1113	Anolis carolinensis
28043	Anolis carolinensis
28071	Anolis carolinensis
28091	Anolis carolinensis
29105	Chelydra serpentina
29107	Thamnophis sirtalis
29137	Chelydra serpentina
29175	Thamnophis sirtalis
29139	Chelydra serpentina
29195	Thamnophis sirtalis
29207	Thamnophis sirtalis
39155	Chelydra serpentina
37049	Anolis carolinensis
21005	Terrapene carolina
21029	Chelydra serpentina
21069	Chelydra serpentina
21103	Terrapene carolina
26073	Chrysemys picta
28061	Anolis carolinensis
28105	Anolis carolinensis
29017	Terrapene carolina
29055	Terrapene carolina
12075	Anolis carolinensis
12107	Anolis carolinensis
13019	Alligator mississippiensis
13023	Alligator mississippiensis
13027	Anolis carolinensis
13047	Thamnophis sirtalis
13049	Alligator mississippiensis
13079	Alligator mississippiensis
13083	Thamnophis sirtalis
13087	Alligator mississippiensis
13089	Anolis carolinensis
13101	Alligator mississippiensis
13113	Anolis carolinensis
13117	Terrapene carolina
13121	Anolis carolinensis
13131	Anolis carolinensis
13173	Alligator mississippiensis
13211	Anolis carolinensis
13247	Anolis carolinensis
13313	Terrapene carolina
39117	Thamnophis sirtalis
42011	Chelydra serpentina
42017	Chelydra serpentina
13135	Anolis carolinensis
13185	Anolis carolinensis
13217	Anolis carolinensis
13219	Terrapene carolina
51119	Chrysemys picta
51059	Chelydra serpentina
51107	Terrapene carolina
51131	Chelydra serpentina
51135	Chelydra serpentina
51137	Chelydra serpentina
51153	Chelydra serpentina
54037	Terrapene carolina
54053	Terrapene carolina
54093	Thamnophis sirtalis
1021	Anolis carolinensis
42073	Thamnophis sirtalis
40105	Terrapene carolina
40133	Chelydra serpentina
24011	Chelydra serpentina
25003	Chelydra serpentina
28021	Terrapene carolina
28055	Terrapene carolina
29151	Chelydra serpentina
38029	Thamnophis sirtalis
42077	Chelydra serpentina
12009	Alligator mississippiensis
6001	Sceloporus occidentalis
46041	Chelydra serpentina
46019	Chelydra serpentina
6075	Sceloporus occidentalis
17197	Chelydra serpentina
46117	Chelydra serpentina
46047	Chelydra serpentina
46123	Chelydra serpentina
28163	Terrapene carolina
28121	Anolis carolinensis
42015	Chelydra serpentina
18023	Chelydra serpentina
6065	Sceloporus occidentalis
26105	Chrysemys picta
12055	Alligator mississippiensis
42115	Chrysemys picta
12095	Alligator mississippiensis
12057	Alligator mississippiensis
12097	Alligator mississippiensis
38053	Chelydra serpentina
4001	Crotalus atrox
17089	Chelydra serpentina
6037	Sceloporus occidentalis
26101	Chrysemys picta
46101	Chrysemys picta
16023	Thamnophis sirtalis
17087	Chelydra serpentina
18045	Terrapene carolina
18123	Terrapene carolina
19039	Thamnophis sirtalis
19089	Chelydra serpentina
19099	Thamnophis sirtalis
21139	Chelydra serpentina
42009	Terrapene carolina
42049	Chelydra serpentina
39139	Thamnophis sirtalis
42027	Chelydra serpentina
42065	Thamnophis sirtalis
46021	Thamnophis sirtalis
47151	Terrapene carolina
47181	Thamnophis sirtalis
36095	Chelydra serpentina
36109	Chelydra serpentina
13149	Anolis carolinensis
13157	Terrapene carolina
13235	Alligator mississippiensis
13265	Anolis carolinensis
17021	Terrapene carolina
17027	Terrapene carolina
17135	Terrapene carolina
17157	Terrapene carolina
17199	Chelydra serpentina
37119	Anolis carolinensis
37135	Terrapene carolina
37155	Anolis carolinensis
17051	Terrapene carolina
17133	Terrapene carolina
17143	Thamnophis sirtalis
17161	Chelydra serpentina
39105	Terrapene carolina
56005	Chelydra serpentina
38061	Chelydra serpentina
38083	Chrysemys picta
38095	Chrysemys picta
38087	Thamnophis sirtalis
35061	Crotalus atrox
53035	Thamnophis sirtalis
53017	Sceloporus occidentalis
53057	Sceloporus occidentalis
55055	Chelydra serpentina
55075	Thamnophis sirtalis
55131	Chelydra serpentina
6023	Sceloporus occidentalis
6085	Sceloporus occidentalis
6079	Sceloporus occidentalis
36077	Chelydra serpentina
36079	Chelydra serpentina
36111	Chelydra serpentina
6069	Sceloporus occidentalis
6039	Sceloporus occidentalis
8083	Crotalus atrox
6031	Sceloporus occidentalis
4009	Crotalus atrox
39103	Chelydra serpentina
1087	Anolis carolinensis
1053	Anolis carolinensis
1107	Anolis carolinensis
1119	Anolis carolinensis
12037	Anolis carolinensis
22103	Alligator mississippiensis
28155	Anolis carolinensis
39025	Terrapene carolina
39047	Chelydra serpentina
39039	Chelydra serpentina
39135	Chelydra serpentina
42053	Thamnophis sirtalis
51197	Terrapene carolina
22017	Anolis carolinensis
39133	Chelydra serpentina
39141	Terrapene carolina
39171	Chelydra serpentina
39175	Thamnophis sirtalis
42071	Chelydra serpentina
18015	Chelydra serpentina
18053	Chelydra serpentina
18077	Terrapene carolina
18095	Chelydra serpentina
24015	Chelydra serpentina
24019	Chrysemys picta
25001	Chrysemys picta
25017	Thamnophis sirtalis
42133	Chrysemys picta
45027	Alligator mississippiensis
45029	Alligator mississippiensis
45043	Alligator mississippiensis
6011	Sceloporus occidentalis
51145	Chrysemys picta
51061	Chelydra serpentina
53031	Thamnophis sirtalis
55067	Chelydra serpentina
47031	Terrapene carolina
6015	Sceloporus occidentalis
6013	Sceloporus occidentalis
6025	Crotalus atrox
6103	Sceloporus occidentalis
17007	Chelydra serpentina
17001	Chelydra serpentina
6009	Sceloporus occidentalis
6101	Sceloporus occidentalis
6109	Sceloporus occidentalis
17019	Terrapene carolina
17071	Thamnophis sirtalis
17127	Chelydra serpentina
17151	Chelydra serpentina
17153	Chelydra serpentina
18047	Chelydra serpentina
18141	Chrysemys picta
42075	Chelydra serpentina
47173	Terrapene carolina
13257	Terrapene carolina
15009	Anolis carolinensis
13321	Terrapene carolina
22121	Alligator mississippiensis
45013	Alligator mississippiensis
19097	Chrysemys picta
39121	Thamnophis sirtalis
47015	Terrapene carolina
47025	Terrapene carolina
47073	Terrapene carolina
47103	Chrysemys picta
47107	Terrapene carolina
51043	Chelydra serpentina
51065	Chrysemys picta
51079	Thamnophis sirtalis
51087	Chrysemys picta
53043	Chrysemys picta
8035	Chelydra serpentina
8049	Chelydra serpentina
8057	Chelydra serpentina
8095	Chelydra serpentina
12053	Alligator mississippiensis
31037	Chelydra serpentina
56007	Chelydra serpentina
49035	Sceloporus occidentalis
19109	Chelydra serpentina
4012	Crotalus atrox
20155	Chelydra serpentina
20135	Thamnophis sirtalis
37085	Anolis carolinensis
41017	Sceloporus occidentalis
41009	Thamnophis sirtalis
41025	Sceloporus occidentalis
41023	Sceloporus occidentalis
5013	Chelydra serpentina
26099	Thamnophis sirtalis
4013	Crotalus atrox
22023	Alligator mississippiensis
4011	Crotalus atrox
20209	Chelydra serpentina
20045	Chelydra serpentina
17119	Chelydra serpentina
21157	Terrapene carolina
26053	Chelydra serpentina
36051	Chelydra serpentina
37067	Chelydra serpentina
41027	Sceloporus occidentalis
6051	Sceloporus occidentalis
6033	Sceloporus occidentalis
6047	Sceloporus occidentalis
6053	Sceloporus occidentalis
6077	Sceloporus occidentalis
6019	Sceloporus occidentalis
6089	Sceloporus occidentalis
6095	Sceloporus occidentalis
12061	Alligator mississippiensis
17041	Terrapene carolina
17165	Chelydra serpentina
21001	Chelydra serpentina
21009	Terrapene carolina
21021	Terrapene carolina
21055	Chelydra serpentina
21061	Chelydra serpentina
21065	Chelydra serpentina
1127	Anolis carolinensis
28115	Anolis carolinensis
29041	Thamnophis sirtalis
1077	Terrapene carolina
12015	Alligator mississippiensis
13279	Anolis carolinensis
16015	Sceloporus occidentalis
29169	Chelydra serpentina
37033	Chelydra serpentina
1009	Anolis carolinensis
1085	Anolis carolinensis
16047	Sceloporus occidentalis
21089	Terrapene carolina
26079	Chrysemys picta
26149	Chrysemys picta
1093	Anolis carolinensis
1005	Anolis carolinensis
22091	Alligator mississippiensis
22089	Alligator mississippiensis
22095	Alligator mississippiensis
1071	Chrysemys picta
28005	Alligator mississippiensis
17185	Terrapene carolina
19163	Chelydra serpentina
19185	Thamnophis sirtalis
21041	Terrapene carolina
21215	Chelydra serpentina
31011	Chelydra serpentina
37107	Anolis carolinensis
45077	Anolis carolinensis
20119	Chelydra serpentina
20175	Chelydra serpentina
21181	Chelydra serpentina
21179	Chelydra serpentina
21187	Terrapene carolina
21185	Chelydra serpentina
21223	Terrapene carolina
21211	Chelydra serpentina
21235	Chelydra serpentina
42025	Chelydra serpentina
42037	Terrapene carolina
42043	Chrysemys picta
42051	Chelydra serpentina
26041	Chelydra serpentina
26045	Chrysemys picta
26047	Chrysemys picta
26059	Chelydra serpentina
26069	Chrysemys picta
26061	Thamnophis sirtalis
26071	Chelydra serpentina
26077	Chrysemys picta
55021	Chelydra serpentina
55037	Thamnophis sirtalis
55071	Chelydra serpentina
55085	Chrysemys picta
55123	Chelydra serpentina
6003	Sceloporus occidentalis
6021	Sceloporus occidentalis
6043	Sceloporus occidentalis
6049	Sceloporus occidentalis
6113	Sceloporus occidentalis
6061	Sceloporus occidentalis
16017	Chrysemys picta
17015	Chrysemys picta
17099	Chrysemys picta
17113	Chelydra serpentina
17117	Chelydra serpentina
17029	Terrapene carolina
17085	Chrysemys picta
17129	Thamnophis sirtalis
17189	Terrapene carolina
29135	Thamnophis sirtalis
29121	Chrysemys picta
29205	Chrysemys picta
29225	Chelydra serpentina
6067	Sceloporus occidentalis
31127	Chelydra serpentina
31147	Chelydra serpentina
17169	Thamnophis sirtalis
24047	Chrysemys picta
26021	Chrysemys picta
28029	Anolis carolinensis
36073	Thamnophis sirtalis
36097	Chelydra serpentina
36101	Chelydra serpentina
49017	Sceloporus occidentalis
49023	Sceloporus occidentalis
49055	Sceloporus occidentalis
56027	Chelydra serpentina
56031	Chelydra serpentina
56009	Chelydra serpentina
56001	Chelydra serpentina
56015	Chelydra serpentina
30089	Chrysemys picta
23027	Chrysemys picta
23003	Chelydra serpentina
23009	Chrysemys picta
23015	Chrysemys picta
23031	Chrysemys picta
23021	Chelydra serpentina
23005	Chelydra serpentina
23019	Chelydra serpentina
23023	Chrysemys picta
23025	Chrysemys picta
23001	Chrysemys picta
23013	Chrysemys picta
23011	Chrysemys picta
23017	Chrysemys picta
1117	Anolis carolinensis
1027	Chelydra serpentina
1133	Anolis carolinensis
1067	Alligator mississippiensis
1069	Alligator mississippiensis
1011	Anolis carolinensis
1041	Anolis carolinensis
1043	Anolis carolinensis
1095	Anolis carolinensis
1001	Anolis carolinensis
1047	Anolis carolinensis
1015	Chelydra serpentina
1111	Anolis carolinensis
1037	Anolis carolinensis
1121	Chelydra serpentina
1079	Terrapene carolina
1023	Anolis carolinensis
1057	Anolis carolinensis
1007	Anolis carolinensis
1105	Anolis carolinensis
1051	Anolis carolinensis
1055	Anolis carolinensis
1035	Anolis carolinensis
1039	Anolis carolinensis
1109	Anolis carolinensis
18021	Terrapene carolina
18043	Terrapene carolina
18101	Terrapene carolina
18003	Chrysemys picta
18029	Chelydra serpentina
18067	Chelydra serpentina
18111	Chelydra serpentina
18113	Chrysemys picta
18131	Chrysemys picta
18169	Chrysemys picta
18155	Terrapene carolina
31149	Chelydra serpentina
18165	Terrapene carolina
18007	Terrapene carolina
18031	Chelydra serpentina
18049	Chrysemys picta
18071	Terrapene carolina
18073	Chelydra serpentina
18085	Chrysemys picta
18019	Terrapene carolina
18055	Terrapene carolina
18159	Chelydra serpentina
18161	Chelydra serpentina
18025	Terrapene carolina
18061	Terrapene carolina
18105	Terrapene carolina
18139	Chelydra serpentina
18109	Chelydra serpentina
18145	Chelydra serpentina
18157	Terrapene carolina
18167	Terrapene carolina
18079	Terrapene carolina
18163	Chelydra serpentina
18117	Terrapene carolina
18125	Terrapene carolina
18147	Terrapene carolina
18001	Chelydra serpentina
18033	Chrysemys picta
18037	Terrapene carolina
18041	Chelydra serpentina
18059	Chelydra serpentina
42111	Terrapene carolina
28019	Anolis carolinensis
18099	Chrysemys picta
18129	Chelydra serpentina
18173	Chelydra serpentina
18009	Chelydra serpentina
18011	Chelydra serpentina
18039	Chrysemys picta
18115	Chelydra serpentina
18075	Chelydra serpentina
18027	Terrapene carolina
12109	Anolis carolinensis
12077	Anolis carolinensis
12123	Anolis carolinensis
28031	Anolis carolinensis
28027	Anolis carolinensis
12133	Anolis carolinensis
12121	Anolis carolinensis
12045	Anolis carolinensis
12129	Anolis carolinensis
12041	Anolis carolinensis
12051	Alligator mississippiensis
12099	Alligator mississippiensis
12127	Alligator mississippiensis
12011	Alligator mississippiensis
12087	Alligator mississippiensis
12085	Alligator mississippiensis
12111	Alligator mississippiensis
12005	Anolis carolinensis
12086	Alligator mississippiensis
12021	Alligator mississippiensis
12001	Anolis carolinensis
12131	Anolis carolinensis
12091	Anolis carolinensis
12103	Alligator mississippiensis
12125	Anolis carolinensis
16075	Sceloporus occidentalis
16087	Sceloporus occidentalis
16073	Sceloporus occidentalis
16031	Sceloporus occidentalis
16069	Chrysemys picta
16041	Thamnophis sirtalis
53007	Sceloporus occidentalis
53025	Sceloporus occidentalis
16011	Thamnophis sirtalis
16037	Sceloporus occidentalis
16051	Thamnophis sirtalis
16077	Thamnophis sirtalis
16085	Sceloporus occidentalis
16003	Sceloporus occidentalis
16021	Chrysemys picta
16027	Sceloporus occidentalis
16083	Sceloporus occidentalis
16039	Sceloporus occidentalis
53065	Chrysemys picta
53023	Chrysemys picta
53047	Sceloporus occidentalis
53049	Thamnophis sirtalis
53039	Sceloporus occidentalis
53063	Chrysemys picta
53051	Chrysemys picta
53067	Thamnophis sirtalis
16009	Chrysemys picta
16057	Chrysemys picta
16079	Chrysemys picta
13285	Anolis carolinensis
13291	Terrapene carolina
13295	Thamnophis sirtalis
13035	Anolis carolinensis
13061	Terrapene carolina
13169	Anolis carolinensis
13127	Alligator mississippiensis
13181	Anolis carolinensis
13199	Anolis carolinensis
13213	Terrapene carolina
13237	Anolis carolinensis
13243	Terrapene carolina
13251	Anolis carolinensis
13245	Anolis carolinensis
13259	Anolis carolinensis
13261	Terrapene carolina
13275	Anolis carolinensis
13139	Terrapene carolina
13159	Anolis carolinensis
13183	Alligator mississippiensis
13271	Alligator mississippiensis
13045	Anolis carolinensis
13297	Anolis carolinensis
13309	Anolis carolinensis
13311	Terrapene carolina
13293	Anolis carolinensis
13287	Terrapene carolina
13013	Terrapene carolina
13129	Anolis carolinensis
13055	Thamnophis sirtalis
13283	Anolis carolinensis
13001	Anolis carolinensis
13003	Alligator mississippiensis
13073	Anolis carolinensis
13125	Anolis carolinensis
13133	Anolis carolinensis
13179	Anolis carolinensis
13205	Chelydra serpentina
13239	Anolis carolinensis
13273	Terrapene carolina
13093	Terrapene carolina
13145	Anolis carolinensis
13111	Terrapene carolina
13193	Alligator mississippiensis
13039	Alligator mississippiensis
13007	Alligator mississippiensis
13289	Alligator mississippiensis
13053	Anolis carolinensis
13009	Anolis carolinensis
13249	Anolis carolinensis
13269	Anolis carolinensis
13307	Terrapene carolina
13303	Anolis carolinensis
13021	Alligator mississippiensis
13141	Anolis carolinensis
13143	Anolis carolinensis
19055	Chelydra serpentina
19137	Chelydra serpentina
19149	Thamnophis sirtalis
19011	Chelydra serpentina
19031	Chelydra serpentina
19067	Chelydra serpentina
19115	Chelydra serpentina
19125	Thamnophis sirtalis
19131	Chelydra serpentina
19173	Thamnophis sirtalis
19153	Thamnophis sirtalis
19117	Thamnophis sirtalis
19027	Chelydra serpentina
19171	Chelydra serpentina
19195	Chelydra serpentina
19119	Thamnophis sirtalis
19181	Thamnophis sirtalis
19189	Chelydra serpentina
19019	Chelydra serpentina
19043	Chelydra serpentina
19129	Chelydra serpentina
19157	Chelydra serpentina
19161	Chelydra serpentina
19165	Chelydra serpentina
19183	Chelydra serpentina
19191	Chelydra serpentina
19121	Thamnophis sirtalis
19169	Thamnophis sirtalis
19003	Thamnophis sirtalis
19001	Thamnophis sirtalis
19037	Chelydra serpentina
19107	Chelydra serpentina
19029	Chelydra serpentina
19035	Thamnophis sirtalis
19065	Chelydra serpentina
19087	Chelydra serpentina
19113	Chelydra serpentina
19155	Chelydra serpentina
19073	Thamnophis sirtalis
19009	Chelydra serpentina
20079	Thamnophis sirtalis
20095	Chelydra serpentina
20031	Chelydra serpentina
20167	Thamnophis sirtalis
20041	Thamnophis sirtalis
20173	Chelydra serpentina
20161	Thamnophis sirtalis
20197	Chelydra serpentina
20027	Thamnophis sirtalis
20125	Terrapene carolina
20127	Chelydra serpentina
20129	Chelydra serpentina
20143	Thamnophis sirtalis
20159	Thamnophis sirtalis
20165	Thamnophis sirtalis
20053	Thamnophis sirtalis
20009	Thamnophis sirtalis
20029	Thamnophis sirtalis
20139	Chelydra serpentina
20005	Chelydra serpentina
20025	Chelydra serpentina
20077	Chelydra serpentina
20043	Chelydra serpentina
20157	Thamnophis sirtalis
20007	Chelydra serpentina
20117	Chelydra serpentina
20103	Chelydra serpentina
20059	Chelydra serpentina
20017	Chelydra serpentina
20121	Chelydra serpentina
20073	Chelydra serpentina
20057	Chelydra serpentina
21219	Terrapene carolina
21209	Chelydra serpentina
21093	Chelydra serpentina
21195	Terrapene carolina
21095	Terrapene carolina
21011	Chelydra serpentina
21165	Chelydra serpentina
21237	Chelydra serpentina
21205	Chelydra serpentina
21173	Chelydra serpentina
21197	Chelydra serpentina
21175	Chelydra serpentina
21039	Thamnophis sirtalis
21073	Terrapene carolina
21111	Chelydra serpentina
21213	Terrapene carolina
21003	Terrapene carolina
21045	Chrysemys picta
21057	Terrapene carolina
21113	Terrapene carolina
21147	Chelydra serpentina
21159	Terrapene carolina
21183	Chelydra serpentina
21227	Terrapene carolina
21017	Chelydra serpentina
21049	Chelydra serpentina
21051	Chelydra serpentina
21121	Chelydra serpentina
21131	Chelydra serpentina
21063	Chelydra serpentina
21167	Terrapene carolina
21207	Chelydra serpentina
21099	Chelydra serpentina
21143	Terrapene carolina
21035	Terrapene carolina
21047	Terrapene carolina
21101	Chelydra serpentina
28045	Anolis carolinensis
28063	Terrapene carolina
28065	Anolis carolinensis
21043	Terrapene carolina
21079	Terrapene carolina
21071	Chelydra serpentina
21067	Chelydra serpentina
21085	Chelydra serpentina
21119	Chelydra serpentina
21133	Chelydra serpentina
21135	Chelydra serpentina
21141	Terrapene carolina
21161	Chelydra serpentina
21169	Terrapene carolina
21199	Chelydra serpentina
21225	Chelydra serpentina
21229	Terrapene carolina
21231	Chelydra serpentina
21145	Chelydra serpentina
21151	Thamnophis sirtalis
21171	Terrapene carolina
21163	Terrapene carolina
28057	Terrapene carolina
28077	Anolis carolinensis
28153	Anolis carolinensis
28079	Anolis carolinensis
29051	Thamnophis sirtalis
29069	Terrapene carolina
29111	Chrysemys picta
29219	Chelydra serpentina
29005	Chelydra serpentina
29185	Terrapene carolina
29007	Chelydra serpentina
29003	Chelydra serpentina
29031	Chelydra serpentina
29037	Chelydra serpentina
29189	Chelydra serpentina
29043	Terrapene carolina
29071	Chelydra serpentina
29223	Terrapene carolina
29091	Chelydra serpentina
29033	Thamnophis sirtalis
29093	Terrapene carolina
29141	Thamnophis sirtalis
29153	Terrapene carolina
29053	Thamnophis sirtalis
29089	Thamnophis sirtalis
29009	Terrapene carolina
29011	Terrapene carolina
26139	Chrysemys picta
29097	Terrapene carolina
29157	Terrapene carolina
29045	Chrysemys picta
29057	Terrapene carolina
29059	Terrapene carolina
29221	Terrapene carolina
29167	Terrapene carolina
26163	Chelydra serpentina
26085	Chrysemys picta
26137	Chrysemys picta
26131	Chelydra serpentina
26147	Thamnophis sirtalis
26165	Chrysemys picta
26087	Thamnophis sirtalis
26037	Chrysemys picta
26027	Chrysemys picta
26039	Chrysemys picta
26051	Chelydra serpentina
26155	Chrysemys picta
26023	Chrysemys picta
26001	Chrysemys picta
26003	Chelydra serpentina
26025	Chrysemys picta
26007	Chrysemys picta
26015	Chrysemys picta
26031	Chrysemys picta
26125	Thamnophis sirtalis
26065	Chrysemys picta
26057	Chrysemys picta
26063	Chrysemys picta
26049	Chrysemys picta
26111	Chrysemys picta
26151	Chrysemys picta
26083	Thamnophis sirtalis
37037	Anolis carolinensis
37099	Terrapene carolina
37065	Anolis carolinensis
37113	Terrapene carolina
37043	Terrapene carolina
37105	Anolis carolinensis
37009	Thamnophis sirtalis
37017	Anolis carolinensis
37053	Chrysemys picta
37051	Anolis carolinensis
37079	Anolis carolinensis
37121	Thamnophis sirtalis
37041	Alligator mississippiensis
37027	Thamnophis sirtalis
37131	Alligator mississippiensis
37179	Anolis carolinensis
37003	Anolis carolinensis
37031	Anolis carolinensis
37059	Terrapene carolina
37153	Anolis carolinensis
37001	Terrapene carolina
37029	Chrysemys picta
37145	Chelydra serpentina
37147	Anolis carolinensis
37157	Terrapene carolina
37181	Chelydra serpentina
37125	Anolis carolinensis
37183	Anolis carolinensis
37055	Anolis carolinensis
37187	Anolis carolinensis
37011	Thamnophis sirtalis
37035	Anolis carolinensis
39107	Chelydra serpentina
39005	Thamnophis sirtalis
39017	Chelydra serpentina
39033	Thamnophis sirtalis
39129	Chelydra serpentina
39011	Chelydra serpentina
39153	Chelydra serpentina
39015	Terrapene carolina
39085	Chelydra serpentina
39041	Thamnophis sirtalis
39003	Thamnophis sirtalis
39001	Terrapene carolina
28101	Anolis carolinensis
39009	Terrapene carolina
39013	Thamnophis sirtalis
39021	Chelydra serpentina
39023	Chelydra serpentina
39035	Chelydra serpentina
39045	Chelydra serpentina
39057	Chelydra serpentina
39059	Thamnophis sirtalis
39067	Terrapene carolina
39075	Thamnophis sirtalis
39077	Thamnophis sirtalis
39079	Terrapene carolina
39101	Thamnophis sirtalis
39113	Chelydra serpentina
39169	Chelydra serpentina
39159	Chelydra serpentina
39029	Thamnophis sirtalis
39109	Chelydra serpentina
39043	Thamnophis sirtalis
39173	Thamnophis sirtalis
55079	Chelydra serpentina
55007	Chrysemys picta
55015	Chelydra serpentina
55009	Chelydra serpentina
55013	Chrysemys picta
55101	Chelydra serpentina
55043	Chelydra serpentina
55047	Chelydra serpentina
55051	Chrysemys picta
55057	Chelydra serpentina
55078	Chelydra serpentina
55095	Chelydra serpentina
55099	Chrysemys picta
55097	Thamnophis sirtalis
55109	Chelydra serpentina
55103	Chelydra serpentina
55111	Chelydra serpentina
28113	Alligator mississippiensis
28147	Terrapene carolina
55113	Chrysemys picta
55115	Chelydra serpentina
55125	Chelydra serpentina
55135	Chelydra serpentina
55035	Chrysemys picta
55119	Chrysemys picta
55089	Chelydra serpentina
55117	Chrysemys picta
55061	Thamnophis sirtalis
55069	Chrysemys picta
55029	Thamnophis sirtalis
55001	Thamnophis sirtalis
55033	Chelydra serpentina
55003	Chrysemys picta
55041	Chelydra serpentina
55045	Chrysemys picta
55059	Chelydra serpentina
55027	Chelydra serpentina
55137	Thamnophis sirtalis
55031	Chrysemys picta
55049	Chelydra serpentina
55107	Chrysemys picta
55121	Thamnophis sirtalis
28119	Anolis carolinensis
28151	Terrapene carolina
29161	Chelydra serpentina
55019	Thamnophis sirtalis
55141	Thamnophis sirtalis
55133	Chelydra serpentina
55053	Thamnophis sirtalis
55129	Chrysemys picta
55093	Chelydra serpentina
55017	Chrysemys picta
55065	Chrysemys picta
55039	Chelydra serpentina
55083	Chelydra serpentina
55105	Chelydra serpentina
54081	Terrapene carolina
54069	Chelydra serpentina
54085	Terrapene carolina
54013	Terrapene carolina
54063	Terrapene carolina
54097	Thamnophis sirtalis
54077	Chelydra serpentina
54011	Chelydra serpentina
54029	Thamnophis sirtalis
54017	Thamnophis sirtalis
54027	Terrapene carolina
54039	Chelydra serpentina
54061	Chelydra serpentina
54033	Thamnophis sirtalis
54045	Chelydra serpentina
54059	Terrapene carolina
54019	Terrapene carolina
54065	Terrapene carolina
54083	Thamnophis sirtalis
54007	Terrapene carolina
8107	Chelydra serpentina
8053	Crotalus atrox
8065	Thamnophis sirtalis
8019	Thamnophis sirtalis
8021	Crotalus atrox
8067	Crotalus atrox
8071	Chelydra serpentina
8087	Chelydra serpentina
8079	Crotalus atrox
8003	Crotalus atrox
8043	Chelydra serpentina
8007	Crotalus atrox
8023	Crotalus atrox
8093	Chelydra serpentina
17049	Terrapene carolina
17077	Terrapene carolina
17105	Chelydra serpentina
17123	Chrysemys picta
17131	Chelydra serpentina
28001	Thamnophis sirtalis
29027	Chelydra serpentina
29227	Chelydra serpentina
29203	Chelydra serpentina
29163	Chelydra serpentina
12007	Anolis carolinensis
13011	Terrapene carolina
13017	Alligator mississippiensis
13025	Alligator mississippiensis
13029	Anolis carolinensis
13043	Anolis carolinensis
13065	Alligator mississippiensis
13051	Anolis carolinensis
13071	Chelydra serpentina
13095	Terrapene carolina
13109	Anolis carolinensis
13137	Terrapene carolina
13151	Anolis carolinensis
13155	Alligator mississippiensis
13161	Anolis carolinensis
13171	Anolis carolinensis
13177	Terrapene carolina
13187	Terrapene carolina
13189	Anolis carolinensis
13209	Anolis carolinensis
13221	Terrapene carolina
13215	Anolis carolinensis
13231	Anolis carolinensis
13281	Terrapene carolina
13229	Alligator mississippiensis
13301	Anolis carolinensis
13315	Terrapene carolina
17101	Terrapene carolina
16005	Thamnophis sirtalis
28013	Anolis carolinensis
28017	Anolis carolinensis
28051	Anolis carolinensis
28073	Anolis carolinensis
28085	Alligator mississippiensis
28103	Anolis carolinensis
28133	Anolis carolinensis
28145	Thamnophis sirtalis
29001	Chrysemys picta
29019	Thamnophis sirtalis
29073	Chelydra serpentina
29165	Chelydra serpentina
29201	Thamnophis sirtalis
39165	Chelydra serpentina
26157	Chrysemys picta
28035	Anolis carolinensis
28135	Anolis carolinensis
28157	Thamnophis sirtalis
29125	Terrapene carolina
29173	Chelydra serpentina
8047	Chelydra serpentina
8121	Chelydra serpentina
12027	Alligator mississippiensis
12071	Alligator mississippiensis
47067	Terrapene carolina
51029	Terrapene carolina
51049	Chrysemys picta
51093	Alligator mississippiensis
51193	Chelydra serpentina
26029	Chrysemys picta
26033	Thamnophis sirtalis
26043	Chelydra serpentina
26091	Chelydra serpentina
26093	Thamnophis sirtalis
45015	Alligator mississippiensis
45017	Alligator mississippiensis
45019	Alligator mississippiensis
45041	Terrapene carolina
45055	Terrapene carolina
45067	Alligator mississippiensis
45059	Terrapene carolina
45071	Alligator mississippiensis
45081	Anolis carolinensis
47007	Terrapene carolina
47011	Terrapene carolina
47027	Terrapene carolina
47045	Terrapene carolina
47055	Terrapene carolina
47059	Terrapene carolina
47087	Terrapene carolina
47097	Terrapene carolina
47119	Thamnophis sirtalis
47169	Terrapene carolina
26089	Chrysemys picta
26095	Chrysemys picta
26109	Chelydra serpentina
26119	Chrysemys picta
26129	Chrysemys picta
29021	Chelydra serpentina
29187	Terrapene carolina
29217	Terrapene carolina
31129	Chelydra serpentina
31153	Chelydra serpentina
37057	Terrapene carolina
37083	Chelydra serpentina
37133	Anolis carolinensis
39143	Thamnophis sirtalis
17125	Thamnophis sirtalis
17145	Terrapene carolina
37149	Terrapene carolina
37185	Chelydra serpentina
39037	Chelydra serpentina
39137	Thamnophis sirtalis
45087	Chrysemys picta
47003	Terrapene carolina
47037	Terrapene carolina
32031	Sceloporus occidentalis
34003	Chelydra serpentina
37193	Thamnophis sirtalis
5099	Chelydra serpentina
9005	Chelydra serpentina
37081	Terrapene carolina
37197	Terrapene carolina
47187	Terrapene carolina
6059	Sceloporus occidentalis
6093	Sceloporus occidentalis
6029	Sceloporus occidentalis
16063	Thamnophis sirtalis
16067	Thamnophis sirtalis
18093	Terrapene carolina
18119	Terrapene carolina
18149	Chrysemys picta
18153	Terrapene carolina
18171	Terrapene carolina
19025	Chelydra serpentina
19013	Chelydra serpentina
19049	Thamnophis sirtalis
19095	Chelydra serpentina
19145	Chelydra serpentina
20033	Chelydra serpentina
20061	Thamnophis sirtalis
28129	Anolis carolinensis
28107	Anolis carolinensis
1083	Terrapene carolina
13163	Anolis carolinensis
13191	Alligator mississippiensis
13225	Alligator mississippiensis
13267	Anolis carolinensis
13319	Anolis carolinensis
8001	Chelydra serpentina
8005	Chelydra serpentina
8014	Chelydra serpentina
8015	Thamnophis sirtalis
8037	Thamnophis sirtalis
8041	Chelydra serpentina
28007	Anolis carolinensis
29067	Chelydra serpentina
29123	Terrapene carolina
29103	Chrysemys picta
29127	Chelydra serpentina
29143	Thamnophis sirtalis
29155	Terrapene carolina
50027	Chrysemys picta
51047	Chelydra serpentina
51057	Chelydra serpentina
51073	Chrysemys picta
51075	Chrysemys picta
51097	Chrysemys picta
51127	Chrysemys picta
51147	Chelydra serpentina
51177	Chelydra serpentina
51085	Chrysemys picta
51095	Chrysemys picta
51181	Chrysemys picta
51183	Chelydra serpentina
51195	Terrapene carolina
51199	Chrysemys picta
28143	Terrapene carolina
29013	Terrapene carolina
29015	Terrapene carolina
29039	Terrapene carolina
29063	Chelydra serpentina
29075	Chelydra serpentina
29087	Chelydra serpentina
31033	Chelydra serpentina
31041	Chelydra serpentina
26075	Thamnophis sirtalis
26097	Thamnophis sirtalis
31183	Chelydra serpentina
37103	Anolis carolinensis
37109	Anolis carolinensis
37117	Anolis carolinensis
37123	Anolis carolinensis
37159	Anolis carolinensis
37151	Anolis carolinensis
37167	Anolis carolinensis
38041	Thamnophis sirtalis
38051	Thamnophis sirtalis
38079	Chrysemys picta
38089	Thamnophis sirtalis
39063	Thamnophis sirtalis
39069	Thamnophis sirtalis
39119	Thamnophis sirtalis
39083	Thamnophis sirtalis
39081	Thamnophis sirtalis
35053	Crotalus atrox
35015	Crotalus atrox
30053	Chrysemys picta
6115	Sceloporus occidentalis
48457	Anolis carolinensis
28087	Anolis carolinensis
33001	Chrysemys picta
33019	Chelydra serpentina
28039	Anolis carolinensis
28015	Anolis carolinensis
28081	Thamnophis sirtalis
28123	Anolis carolinensis
28117	Thamnophis sirtalis
28059	Anolis carolinensis
28089	Anolis carolinensis
28025	Anolis carolinensis
28131	Anolis carolinensis
28083	Anolis carolinensis
28067	Anolis carolinensis
28161	Anolis carolinensis
28125	Terrapene carolina
28111	Anolis carolinensis
24023	Terrapene carolina
24003	Chrysemys picta
24009	Chelydra serpentina
24025	Chrysemys picta
24045	Chrysemys picta
24039	Terrapene carolina
24029	Chelydra serpentina
24041	Chelydra serpentina
33013	Chrysemys picta
33015	Chrysemys picta
4025	Crotalus atrox
4017	Crotalus atrox
4015	Crotalus atrox
4023	Crotalus atrox
4027	Crotalus atrox
4019	Crotalus atrox
4021	Crotalus atrox
4005	Crotalus atrox
42035	Thamnophis sirtalis
42021	Thamnophis sirtalis
42045	Chelydra serpentina
42055	Terrapene carolina
42063	Thamnophis sirtalis
42029	Chelydra serpentina
42081	Chelydra serpentina
42105	Chelydra serpentina
42033	Thamnophis sirtalis
42039	Chelydra serpentina
42061	Terrapene carolina
42087	Thamnophis sirtalis
45079	Alligator mississippiensis
42091	Chelydra serpentina
45065	Anolis carolinensis
42097	Chelydra serpentina
45005	Alligator mississippiensis
45023	Anolis carolinensis
45033	Alligator mississippiensis
42083	Thamnophis sirtalis
42121	Chelydra serpentina
42057	Terrapene carolina
42093	Terrapene carolina
42001	Chrysemys picta
42005	Thamnophis sirtalis
45049	Alligator mississippiensis
45057	Anolis carolinensis
45001	Anolis carolinensis
45069	Anolis carolinensis
45009	Alligator mississippiensis
46097	Chrysemys picta
46099	Chrysemys picta
46007	Chelydra serpentina
46075	Chelydra serpentina
46011	Chrysemys picta
46061	Chrysemys picta
46053	Chelydra serpentina
46095	Chelydra serpentina
46121	Chelydra serpentina
47091	Thamnophis sirtalis
47125	Terrapene carolina
47183	Terrapene carolina
47009	Terrapene carolina
47157	Terrapene carolina
47137	Terrapene carolina
47147	Terrapene carolina
47051	Chrysemys picta
47075	Terrapene carolina
47141	Terrapene carolina
47123	Terrapene carolina
47065	Terrapene carolina
47175	Terrapene carolina
47013	Terrapene carolina
47127	Chrysemys picta
47005	Terrapene carolina
47179	Terrapene carolina
47049	Terrapene carolina
47089	Terrapene carolina
47001	Terrapene carolina
47115	Chrysemys picta
47143	Terrapene carolina
47093	Terrapene carolina
47149	Terrapene carolina
47021	Terrapene carolina
47029	Terrapene carolina
47057	Terrapene carolina
47081	Thamnophis sirtalis
47099	Thamnophis sirtalis
47133	Terrapene carolina
47159	Terrapene carolina
47165	Terrapene carolina
47163	Terrapene carolina
47085	Terrapene carolina
47161	Terrapene carolina
53075	Chrysemys picta
53077	Sceloporus occidentalis
53009	Thamnophis sirtalis
53021	Sceloporus occidentalis
53027	Thamnophis sirtalis
53073	Thamnophis sirtalis
53003	Chrysemys picta
53059	Thamnophis sirtalis
53041	Thamnophis sirtalis
50021	Chrysemys picta
50023	Chrysemys picta
50007	Chrysemys picta
50017	Chrysemys picta
50001	Chrysemys picta
50005	Thamnophis sirtalis
50015	Thamnophis sirtalis
50009	Chrysemys picta
50025	Chelydra serpentina
50011	Chrysemys picta
50003	Chelydra serpentina
53029	Sceloporus occidentalis
53037	Sceloporus occidentalis
53071	Sceloporus occidentalis
36107	Chelydra serpentina
36009	Thamnophis sirtalis
36115	Chrysemys picta
36081	Chelydra serpentina
36007	Chelydra serpentina
36013	Thamnophis sirtalis
36015	Chelydra serpentina
36049	Chelydra serpentina
36027	Chelydra serpentina
36053	Chelydra serpentina
36003	Thamnophis sirtalis
36099	Chelydra serpentina
36089	Chelydra serpentina
36091	Chelydra serpentina
36023	Chelydra serpentina
36075	Chelydra serpentina
36061	Chelydra serpentina
36029	Thamnophis sirtalis
36069	Thamnophis sirtalis
36011	Chelydra serpentina
36055	Thamnophis sirtalis
36071	Chelydra serpentina
36025	Chelydra serpentina
36063	Thamnophis sirtalis
36065	Chelydra serpentina
36103	Chelydra serpentina
36019	Thamnophis sirtalis
36017	Chelydra serpentina
36001	Chelydra serpentina
36121	Thamnophis sirtalis
36037	Thamnophis sirtalis
36033	Thamnophis sirtalis
36035	Chelydra serpentina
36087	Chelydra serpentina
9003	Chelydra serpentina
9013	Chelydra serpentina
9011	Chelydra serpentina
9015	Chelydra serpentina
32005	Sceloporus occidentalis
32017	Sceloporus occidentalis
32033	Sceloporus occidentalis
32003	Sceloporus occidentalis
32027	Sceloporus occidentalis
32011	Sceloporus occidentalis
34037	Chelydra serpentina
34013	Chelydra serpentina
34015	Chelydra serpentina
34039	Chrysemys picta
34027	Chrysemys picta
32023	Sceloporus occidentalis
49037	Crotalus atrox
49021	Sceloporus occidentalis
49031	Sceloporus occidentalis
49057	Sceloporus occidentalis
49011	Sceloporus occidentalis
49049	Sceloporus occidentalis
34023	Chrysemys picta
34033	Chelydra serpentina
34021	Chrysemys picta
34007	Chelydra serpentina
34017	Chelydra serpentina
34031	Chelydra serpentina
49005	Thamnophis sirtalis
49025	Crotalus atrox
49045	Sceloporus occidentalis
49001	Sceloporus occidentalis
49003	Sceloporus occidentalis
49041	Sceloporus occidentalis
17193	Terrapene carolina
17111	Chelydra serpentina
17013	Chelydra serpentina
17003	Thamnophis sirtalis
17033	Terrapene carolina
17047	Terrapene carolina
17017	Thamnophis sirtalis
17107	Thamnophis sirtalis
17121	Terrapene carolina
17183	Terrapene carolina
17061	Chelydra serpentina
17037	Chelydra serpentina
17081	Terrapene carolina
17167	Thamnophis sirtalis
17173	Terrapene carolina
17031	Chelydra serpentina
17083	Chelydra serpentina
17159	Terrapene carolina
17025	Terrapene carolina
46081	Chelydra serpentina
46135	Thamnophis sirtalis
45051	Alligator mississippiensis
45007	Terrapene carolina
45003	Anolis carolinensis
45073	Terrapene carolina
45031	Terrapene carolina
45053	Alligator mississippiensis
45083	Chrysemys picta
45085	Alligator mississippiensis
45011	Anolis carolinensis
45021	Chrysemys picta
45045	Terrapene carolina
45063	Alligator mississippiensis
42023	Thamnophis sirtalis
42095	Chrysemys picta
42067	Chrysemys picta
42103	Chelydra serpentina
42119	Chelydra serpentina
42123	Thamnophis sirtalis
42101	Chelydra serpentina
38013	Chrysemys picta
25009	Thamnophis sirtalis
25013	Chelydra serpentina
25015	Chrysemys picta
25021	Thamnophis sirtalis
25027	Thamnophis sirtalis
25025	Thamnophis sirtalis
31007	Chelydra serpentina
31119	Chelydra serpentina
31161	Chelydra serpentina
31059	Chelydra serpentina
31089	Chelydra serpentina
31143	Chelydra serpentina
31109	Chelydra serpentina
31103	Chelydra serpentina
31023	Chelydra serpentina
31151	Chelydra serpentina
31185	Chelydra serpentina
31021	Chelydra serpentina
31027	Chelydra serpentina
31003	Chelydra serpentina
31017	Chelydra serpentina
31133	Chelydra serpentina
51069	Terrapene carolina
51175	Alligator mississippiensis
51191	Terrapene carolina
51011	Chelydra serpentina
51091	Thamnophis sirtalis
51163	Terrapene carolina
51185	Terrapene carolina
51165	Thamnophis sirtalis
51009	Terrapene carolina
51023	Terrapene carolina
51167	Terrapene carolina
51067	Terrapene carolina
51179	Chelydra serpentina
51007	Chelydra serpentina
51037	Chelydra serpentina
51101	Chrysemys picta
51143	Terrapene carolina
51013	Terrapene carolina
51111	Chelydra serpentina
51149	Chelydra serpentina
51157	Chelydra serpentina
51169	Terrapene carolina
51001	Chrysemys picta
51017	Thamnophis sirtalis
51125	Terrapene carolina
51161	Terrapene carolina
51077	Terrapene carolina
51171	Thamnophis sirtalis
51051	Terrapene carolina
44005	Thamnophis sirtalis
44009	Chelydra serpentina
44001	Chelydra serpentina
44007	Thamnophis sirtalis
41021	Sceloporus occidentalis
41011	Sceloporus occidentalis
41001	Sceloporus occidentalis
41013	Sceloporus occidentalis
41069	Sceloporus occidentalis
40123	Chelydra serpentina
40039	Chelydra serpentina
38043	Thamnophis sirtalis
38069	Chrysemys picta
38047	Thamnophis sirtalis
38055	Thamnophis sirtalis
38059	Thamnophis sirtalis
38101	Chrysemys picta
38009	Chrysemys picta
38037	Thamnophis sirtalis
38085	Thamnophis sirtalis
38005	Chrysemys picta
38001	Thamnophis sirtalis
38065	Thamnophis sirtalis
38007	Chelydra serpentina
38035	Chrysemys picta
38057	Chelydra serpentina
38097	Chrysemys picta
17149	Chelydra serpentina
17201	Chrysemys picta
17079	Terrapene carolina
17005	Terrapene carolina
17065	Terrapene carolina
17067	Chrysemys picta
17139	Terrapene carolina
17103	Chrysemys picta
5039	Chelydra serpentina
27111	Chelydra serpentina
27073	Chelydra serpentina
27023	Chrysemys picta
27173	Chrysemys picta
27135	Chrysemys picta
27169	Chelydra serpentina
27047	Chelydra serpentina
27061	Chrysemys picta
27029	Chrysemys picta
27065	Chrysemys picta
27057	Chelydra serpentina
27085	Chelydra serpentina
27103	Chelydra serpentina
27125	Chrysemys picta
27131	Chelydra serpentina
27153	Chelydra serpentina
27113	Chrysemys picta
24035	Chelydra serpentina
24037	Chelydra serpentina
24017	Chelydra serpentina
24031	Chrysemys picta
32510	Sceloporus occidentalis
27105	Thamnophis sirtalis
27137	Chrysemys picta
27005	Chrysemys picta
27001	Chrysemys picta
27121	Chelydra serpentina
27093	Chelydra serpentina
27003	Chelydra serpentina
15005	Anolis carolinensis
27089	Chrysemys picta
27119	Chrysemys picta
27107	Chrysemys picta
17063	Chrysemys picta
21033	Terrapene carolina
21037	Terrapene carolina
27149	Chelydra serpentina
22127	Anolis carolinensis
27021	Chrysemys picta
51820	Thamnophis sirtalis
51810	Chelydra serpentina
51036	Chrysemys picta
51710	Chrysemys picta
51740	Chelydra serpentina
51760	Chrysemys picta
51800	Chrysemys picta
51840	Chelydra serpentina
51550	Chelydra serpentina
33005	Chelydra serpentina
42031	Thamnophis sirtalis
42099	Chrysemys picta
42117	Chelydra serpentina
42003	Thamnophis sirtalis
33017	Chrysemys picta
33011	Thamnophis sirtalis
33007	Chrysemys picta
13067	Anolis carolinensis
17175	Thamnophis sirtalis
17137	Chelydra serpentina
31031	Chelydra serpentina
27041	Chelydra serpentina
12065	Anolis carolinensis
12033	Alligator mississippiensis
19141	Thamnophis sirtalis
27143	Chelydra serpentina
27033	Chelydra serpentina
27013	Chelydra serpentina
27015	Chelydra serpentina
51530	Thamnophis sirtalis
51678	Thamnophis sirtalis
51720	Terrapene carolina
51683	Chelydra serpentina
51770	Terrapene carolina
51580	Thamnophis sirtalis
51730	Chelydra serpentina
27059	Chelydra serpentina
27087	Chelydra serpentina
27091	Chelydra serpentina
51685	Chelydra serpentina
51750	Terrapene carolina
51775	Terrapene carolina
27077	Chrysemys picta
51590	Terrapene carolina
51540	Terrapene carolina
27079	Chelydra serpentina
27129	Chelydra serpentina
27017	Chrysemys picta
27067	Chelydra serpentina
27159	Chrysemys picta
27139	Chelydra serpentina
27083	Chrysemys picta
27133	Chrysemys picta
51640	Terrapene carolina
51690	Chrysemys picta
51510	Chrysemys picta
27007	Chrysemys picta
27097	Chrysemys picta
27045	Chelydra serpentina
27147	Chelydra serpentina
27161	Chelydra serpentina
29510	Chelydra serpentina
27075	Thamnophis sirtalis
51600	Chrysemys picta
24013	Chrysemys picta
27165	Chelydra serpentina
27037	Chelydra serpentina
4007	Crotalus atrox
27031	Thamnophis sirtalis
27051	Chelydra serpentina
27011	Chelydra serpentina
28137	Terrapene carolina
28127	Anolis carolinensis
28139	Thamnophis sirtalis
28141	Terrapene carolina
28033	Terrapene carolina
28009	Terrapene carolina
28037	Alligator mississippiensis
28097	Anolis carolinensis
28053	Anolis carolinensis
28047	Anolis carolinensis
28109	Anolis carolinensis
27009	Chrysemys picta
27027	Chelydra serpentina
27043	Chelydra serpentina
27117	Chrysemys picta
27081	Chrysemys picta
27025	Chelydra serpentina
27049	Chelydra serpentina
27035	Chrysemys picta
27171	Chelydra serpentina
4003	Crotalus atrox
33009	Chrysemys picta
33003	Chrysemys picta
42089	Chrysemys picta
42131	Chrysemys picta
42127	Chrysemys picta
42069	Chrysemys picta
42113	Chrysemys picta
42107	Chelydra serpentina
45035	Alligator mississippiensis
46109	Chelydra serpentina
45025	Anolis carolinensis
45047	Anolis carolinensis
45061	Terrapene carolina
45089	Alligator mississippiensis
45039	Anolis carolinensis
45091	Anolis carolinensis
47153	Terrapene carolina
46137	Chelydra serpentina
46057	Chrysemys picta
46005	Chrysemys picta
47047	Terrapene carolina
47167	Terrapene carolina
47117	Terrapene carolina
47101	Thamnophis sirtalis
47043	Terrapene carolina
47135	Thamnophis sirtalis
53001	Chrysemys picta
47155	Terrapene carolina
47111	Terrapene carolina
47061	Chrysemys picta
47185	Terrapene carolina
47041	Terrapene carolina
47017	Terrapene carolina
47171	Thamnophis sirtalis
47063	Terrapene carolina
53011	Thamnophis sirtalis
53013	Chrysemys picta
53045	Thamnophis sirtalis
36041	Thamnophis sirtalis
50013	Chrysemys picta
50019	Chrysemys picta
36119	Chelydra serpentina
36021	Chelydra serpentina
36043	Chelydra serpentina
36045	Chrysemys picta
36105	Chelydra serpentina
36005	Chelydra serpentina
9009	Chelydra serpentina
36117	Chelydra serpentina
36093	Chelydra serpentina
32015	Sceloporus occidentalis
9007	Chelydra serpentina
9001	Chelydra serpentina
32009	Sceloporus occidentalis
32013	Sceloporus occidentalis
32007	Sceloporus occidentalis
34029	Terrapene carolina
34005	Chrysemys picta
34035	Chrysemys picta
49039	Sceloporus occidentalis
49027	Sceloporus occidentalis
49053	Sceloporus occidentalis
49015	Sceloporus occidentalis
24005	Terrapene carolina
27115	Chrysemys picta
27055	Chelydra serpentina
27123	Chelydra serpentina
27053	Chelydra serpentina
27095	Chrysemys picta
27141	Chelydra serpentina
17187	Thamnophis sirtalis
17009	Chelydra serpentina
17045	Terrapene carolina
17053	Chelydra serpentina
17057	Thamnophis sirtalis
17075	Terrapene carolina
27127	Chrysemys picta
42079	Chrysemys picta
45037	Anolis carolinensis
46009	Chelydra serpentina
46087	Chrysemys picta
46077	Chrysemys picta
46079	Chrysemys picta
46083	Thamnophis sirtalis
24021	Chelydra serpentina
17115	Chelydra serpentina
31159	Chelydra serpentina
36047	Chelydra serpentina
25011	Chelydra serpentina
25023	Chrysemys picta
31043	Thamnophis sirtalis
25005	Thamnophis sirtalis
25007	Chrysemys picta
31045	Chelydra serpentina
31051	Thamnophis sirtalis
31139	Chelydra serpentina
31141	Chelydra serpentina
31169	Chelydra serpentina
31067	Chelydra serpentina
31097	Chelydra serpentina
31015	Chelydra serpentina
31081	Chelydra serpentina
31009	Chelydra serpentina
31155	Chelydra serpentina
31105	Chelydra serpentina
10005	Terrapene carolina
10003	Chelydra serpentina
10001	Chelydra serpentina
31177	Chelydra serpentina
51035	Terrapene carolina
51025	Chelydra serpentina
51081	Chelydra serpentina
51005	Terrapene carolina
51027	Terrapene carolina
51033	Chelydra serpentina
51063	Terrapene carolina
51155	Terrapene carolina
51083	Chelydra serpentina
51089	Terrapene carolina
51053	Chelydra serpentina
51113	Thamnophis sirtalis
51117	Chelydra serpentina
51003	Thamnophis sirtalis
51015	Thamnophis sirtalis
51019	Terrapene carolina
51041	Chrysemys picta
51139	Thamnophis sirtalis
51105	Terrapene carolina
51109	Chrysemys picta
51187	Chelydra serpentina
51830	Chrysemys picta
51660	Thamnophis sirtalis
51515	Terrapene carolina
51610	Chrysemys picta
51790	Thamnophis sirtalis
51670	Chelydra serpentina
51570	Chelydra serpentina
51620	Chrysemys picta
51700	Chrysemys picta
51630	Chelydra serpentina
51680	Terrapene carolina
51520	Terrapene carolina
44003	Chelydra serpentina
41037	Sceloporus occidentalis
41041	Thamnophis sirtalis
41003	Thamnophis sirtalis
41053	Thamnophis sirtalis
41063	Sceloporus occidentalis
41029	Sceloporus occidentalis
41045	Sceloporus occidentalis
41039	Thamnophis sirtalis
41051	Thamnophis sirtalis
41061	Sceloporus occidentalis
41059	Sceloporus occidentalis
38049	Chrysemys picta
38025	Chelydra serpentina
6057	Sceloporus occidentalis
38015	Thamnophis sirtalis
17109	Thamnophis sirtalis
17055	Terrapene carolina
6005	Sceloporus occidentalis
6073	Sceloporus occidentalis
17191	Terrapene carolina
6007	Sceloporus occidentalis
6091	Sceloporus occidentalis
6083	Sceloporus occidentalis
5015	Chelydra serpentina
6063	Sceloporus occidentalis
6035	Sceloporus occidentalis
6017	Sceloporus occidentalis
6081	Sceloporus occidentalis
6107	Sceloporus occidentalis
6041	Sceloporus occidentalis
27155	Chelydra serpentina
27099	Chelydra serpentina
12079	Anolis carolinensis
12083	Alligator mississippiensis
12023	Anolis carolinensis
12089	Anolis carolinensis
27151	Chelydra serpentina
27163	Chelydra serpentina
24001	Terrapene carolina
24510	Terrapene carolina
48061	Crotalus atrox
